name,original,derived,numberOfFeatures
glass.csv,./data/base/glass.csv,./data/extended/glass.csv,
volcanoes-d4.csv,./data/base/volcanoes-d4.csv,./data/extended/volcanoes-d4.csv,
credit-approval.csv,./data/base/credit-approval.csv,./data/extended/credit-approval.csv,
abalone.csv,./data/base/abalone.csv,./data/extended/abalone.csv,
mammography.csv,./data/base/mammography.csv,./data/extended/mammography.csv,
cardiotocography.csv,./data/base/cardiotocography.csv,./data/extended/cardiotocography.csv,
banana.csv,./data/base/banana.csv,./data/extended/banana.csv,
breast-w.csv,./data/base/breast-w.csv,./data/extended/breast-w.csv,
volcanoes.csv,./data/base/volcanoes.csv,./data/extended/volcanoes.csv,
morphological.csv,./data/base/morphological.csv,./data/extended/morphological.csv,
hepatitis.csv,./data/base/hepatitis.csv,./data/extended/hepatitis.csv,
thyroid-ann.csv,./data/base/thyroid-ann.csv,./data/extended/thyroid-ann.csv,
eucalyptus.csv,./data/base/eucalyptus.csv,./data/extended/eucalyptus.csv,
phoneme.csv,./data/base/phoneme.csv,./data/extended/phoneme.csv,
vehicle.csv,./data/base/vehicle.csv,./data/extended/vehicle.csv,
wdbc.csv,./data/base/wdbc.csv,./data/extended/wdbc.csv,
first-order-theorem-proving.csv,./data/base/first-order-theorem-proving.csv,./data/extended/first-order-theorem-proving.csv,
sonar.csv,./data/base/sonar.csv,./data/extended/sonar.csv,
autoMpg.csv,./data/base/autoMpg.csv,./data/extended/autoMpg.csv,
calendardow.csv,./data/base/calendardow.csv,./data/extended/calendardow.csv,
banknote-authentication.csv,./data/base/banknote-authentication.csv,./data/extended/banknote-authentication.csv,
pc4.csv,./data/base/pc4.csv,./data/extended/pc4.csv,
BNG_breast-w.csv,./data/base/BNG_breast-w.csv,./data/extended/BNG_breast-w.csv,
wilt.csv,./data/base/wilt.csv,./data/extended/wilt.csv,
credit-g.csv,./data/base/credit-g.csv,./data/extended/credit-g.csv,
haberman.csv,./data/base/haberman.csv,./data/extended/haberman.csv,
cmc.csv,./data/base/cmc.csv,./data/extended/cmc.csv,
pc1_req.csv,./data/base/pc1_req.csv,./data/extended/pc1_req.csv,
cyyoung.csv,./data/base/cyyoung.csv,./data/extended/cyyoung.csv,
blood-transfusion-service-center.csv,./data/base/blood-transfusion-service-center.csv,./data/extended/blood-transfusion-service-center.csv,
pc3.csv,./data/base/pc3.csv,./data/extended/pc3.csv,
autos.csv,./data/base/autos.csv,./data/extended/autos.csv,
airlines.csv,./data/base/airlines.csv,./data/extended/airlines.csv,
authorship.csv,./data/base/authorship.csv,./data/extended/authorship.csv,
electricity.csv,./data/base/electricity.csv,./data/extended/electricity.csv,
kc2.csv,./data/base/kc2.csv,./data/extended/kc2.csv,
steel-plates-fault.csv,./data/base/steel-plates-fault.csv,./data/extended/steel-plates-fault.csv,
thyroid-allbp.csv,./data/base/thyroid-allbp.csv,./data/extended/thyroid-allbp.csv,
balance-scale.csv,./data/base/balance-scale.csv,./data/extended/balance-scale.csv,
analcatdata_creditscore.csv,./data/base/analcatdata_creditscore.csv,./data/extended/analcatdata_creditscore.csv,
spambase.csv,./data/base/spambase.csv,./data/extended/spambase.csv,
parkinsons.csv,./data/base/parkinsons.csv,./data/extended/parkinsons.csv,
teachingAssistant.csv,./data/base/teachingAssistant.csv,./data/extended/teachingAssistant.csv,
pc1.csv,./data/base/pc1.csv,./data/extended/pc1.csv,
kc1.csv,./data/base/kc1.csv,./data/extended/kc1.csv,
letter.csv,./data/base/letter.csv,./data/extended/letter.csv,
allbp.csv,./data/base/allbp.csv,./data/extended/allbp.csv,
bondrate.csv,./data/base/bondrate.csv,./data/extended/bondrate.csv,
thyroid-allhypo.csv,./data/base/thyroid-allhypo.csv,./data/extended/thyroid-allhypo.csv,
pendigits.csv,./data/base/pendigits.csv,./data/extended/pendigits.csv,
BNG_cmc.csv,./data/base/BNG_cmc.csv,./data/extended/BNG_cmc.csv,
led-display-domain.csv,./data/base/led-display-domain.csv,./data/extended/led-display-domain.csv,
iris.csv,./data/base/iris.csv,./data/extended/iris.csv,
prnn_crabs.csv,./data/base/prnn_crabs.csv,./data/extended/prnn_crabs.csv,
wall-robot-navigation.csv,./data/base/wall-robot-navigation.csv,./data/extended/wall-robot-navigation.csv,
tae.csv,./data/base/tae.csv,./data/extended/tae.csv,
autoUniv-au7-700.csv,./data/base/autoUniv-au7-700.csv,./data/extended/autoUniv-au7-700.csv,
ecoli.csv,./data/base/ecoli.csv,./data/extended/ecoli.csv,
titanic.csv,./data/base/titanic.csv,./data/extended/titanic.csv,
jungle_chess_2pcs_raw_endgame_complete.csv,./data/base/jungle_chess_2pcs_raw_endgame_complete.csv,./data/extended/jungle_chess_2pcs_raw_endgame_complete.csv,
wine.csv,./data/base/wine.csv,./data/extended/wine.csv,
diabetes130US.csv,./data/base/diabetes130US.csv,./data/extended/diabetes130US.csv,
satimage.csv,./data/base/satimage.csv,./data/extended/satimage.csv,
user-knowledge.csv,./data/base/user-knowledge.csv,./data/extended/user-knowledge.csv,
yeast.csv,./data/base/yeast.csv,./data/extended/yeast.csv,
ozone-level-8hr.csv,./data/base/ozone-level-8hr.csv,./data/extended/ozone-level-8hr.csv,
climate-model-simulation-crashes.csv,./data/base/climate-model-simulation-crashes.csv,./data/extended/climate-model-simulation-crashes.csv,
qsar-biodeg.csv,./data/base/qsar-biodeg.csv,./data/extended/qsar-biodeg.csv,
seismic-bumps.csv,./data/base/seismic-bumps.csv,./data/extended/seismic-bumps.csv,
page-blocks.csv,./data/base/page-blocks.csv,./data/extended/page-blocks.csv,
engine.csv,./data/base/engine.csv,./data/extended/engine.csv,
satellite.csv,./data/base/satellite.csv,./data/extended/satellite.csv,
rmftsa_sleepdata.csv,./data/base/rmftsa_sleepdata.csv,./data/extended/rmftsa_sleepdata.csv,
diabetes.csv,./data/base/diabetes.csv,./data/extended/diabetes.csv,
smartphone-based_recognition_of_human_activities.csv,./data/base/smartphone-based_recognition_of_human_activities.csv,./data/extended/smartphone-based_recognition_of_human_activities.csv,
segment.csv,./data/base/segment.csv,./data/extended/segment.csv,
heart-statlog.csv,./data/base/heart-statlog.csv,./data/extended/heart-statlog.csv,
hill-valley.csv,./data/base/hill-valley.csv,./data/extended/hill-valley.csv,
optdigits.csv,./data/base/optdigits.csv,./data/extended/optdigits.csv,
aids.csv,./data/base/aids.csv,./data/extended/aids.csv,
allrep.csv,./data/base/allrep.csv,./data/extended/allrep.csv,
thyroid-allhyper.csv,./data/base/thyroid-allhyper.csv,./data/extended/thyroid-allhyper.csv,
JapaneseVowels.csv,./data/base/JapaneseVowels.csv,./data/extended/JapaneseVowels.csv,
KDDCup09_upselling.csv,./data/base/KDDCup09_upselling.csv,./data/extended/KDDCup09_upselling.csv,
ilpd.csv,./data/base/ilpd.csv,./data/extended/ilpd.csv,
wholesale-customers.csv,./data/base/wholesale-customers.csv,./data/extended/wholesale-customers.csv,
eeg-eye-state.csv,./data/base/eeg-eye-state.csv,./data/extended/eeg-eye-state.csv,
oil_spill.csv,./data/base/oil_spill.csv,./data/extended/oil_spill.csv,
breast-tissue.csv,./data/base/breast-tissue.csv,./data/extended/breast-tissue.csv,
backache.csv,./data/base/backache.csv,./data/extended/backache.csv,
houses.csv,./data/base/houses.csv,./data/extended/houses.csv,
thoracic-surgery.csv,./data/base/thoracic-surgery.csv,./data/extended/thoracic-surgery.csv,
thyroid-dis.csv,./data/base/thyroid-dis.csv,./data/extended/thyroid-dis.csv,
thyroid-allrep.csv,./data/base/thyroid-allrep.csv,./data/extended/thyroid-allrep.csv,
jm1.csv,./data/base/jm1.csv,./data/extended/jm1.csv,
mozilla4.csv,./data/base/mozilla4.csv,./data/extended/mozilla4.csv,
profb.csv,./data/base/profb.csv,./data/extended/profb.csv,
churn.csv,./data/base/churn.csv,./data/extended/churn.csv,
satellite_image.csv,./data/base/satellite_image.csv,./data/extended/satellite_image.csv,
vinnie.csv,./data/base/vinnie.csv,./data/extended/vinnie.csv,